1,812932773,5,ID000887,24-09-2015,07-10-2015,07-10-2015
2,802769756,1,ID000888,24-09-2015,07-10-2015,08-10-2015
3,312979096,2,ID000158,24-09-2015,07-10-2015,05-10-2015
4,878339175,3,ID000558,24-09-2015,07-10-2015,03-10-2015
5,440225299,1,ID000899,24-09-2015,07-10-2015,02-10-2015
6,60812508,1,ID000360,25-09-2015,08-10-2015,09-10-2015
7,1562927736,5,ID000619,25-09-2015,08-10-2015,01-10-2015
8,935710019,1,ID000602,25-09-2015,08-10-2015,05-10-2015
9,525936327,4,ID000646,25-09-2015,08-10-2015,06-10-2015
10,141006633,5,ID000831,26-09-2015,09-10-2015,08-10-2015
11,792218345,5,ID000821,26-09-2015,09-10-2015,09-10-2015
12,671664921,3,ID000087,26-09-2015,09-10-2015,07-10-2015
13,140183515,4,ID000772,27-09-2015,10-10-2015,08-10-2015
14,440416655,4,ID000867,27-09-2015,10-10-2015,05-10-2015
15,451199448,2,ID000406,27-09-2015,10-10-2015,04-10-2015
16,068986020X,2,ID000306,27-09-2015,10-10-2015,10-10-2015
17,446516279,3,ID000028,27-09-2015,10-10-2015,07-10-2015
18,373632452,5,ID000044,28-09-2015,11-10-2015,04-10-2015
19,080521061X,1,ID000888,28-09-2015,11-10-2015,07-10-2015
20,375801766,4,ID000073,28-09-2015,11-10-2015,05-10-2015
21,684860244,2,ID000851,29-09-2015,12-10-2015,10-10-2015
22,671039016,1,ID000741,29-09-2015,12-10-2015,11-10-2015
23,684172755,1,ID000741,29-09-2015,12-10-2015,06-10-2015
24,1895555590,4,ID000741,29-09-2015,12-10-2015,12-10-2015
25,1931484198,5,ID000947,29-09-2015,12-10-2015,13-10-2015
26,743219341,1,ID000499,30-09-2015,13-10-2015,12-10-2015
27,380400480,5,ID000120,30-09-2015,13-10-2015,11-10-2015
28,441735762,1,ID000554,01-10-2015,14-10-2015,14-10-2015
29,140141510,5,ID000766,01-10-2015,14-10-2015,12-10-2015
30,679750304,5,ID000799,01-10-2015,14-10-2015,14-10-2015
31,141390972,3,ID000900,02-10-2015,15-10-2015,16-10-2015
32,590880748,3,ID000302,02-10-2015,15-10-2015,10-10-2015
33,553580272,3,ID000456,02-10-2015,15-10-2015,15-10-2015
34,1567315658,5,ID000120,02-10-2015,15-10-2015,16-10-2015
35,878331859,5,ID000926,03-10-2015,16-10-2015,15-10-2015
36,1883013852,2,ID000725,03-10-2015,16-10-2015,10-10-2015
37,449207439,3,ID000821,04-10-2015,17-10-2015,15-10-2015
38,689866364,2,ID000036,04-10-2015,17-10-2015,14-10-2015
39,038079439X,4,ID000588,04-10-2015,17-10-2015,16-10-2015
40,140068929,4,ID000698,04-10-2015,17-10-2015,13-10-2015
41,717289079,2,ID000586,04-10-2015,17-10-2015,12-10-2015
42,439221714,3,ID000708,05-10-2015,18-10-2015,18-10-2015
43,1551667339,3,ID000892,05-10-2015,18-10-2015,14-10-2015
44,679748253,1,ID000276,05-10-2015,18-10-2015,17-10-2015
45,446691798,5,ID000228,06-10-2015,19-10-2015,17-10-2015
46,446363251,1,ID000375,06-10-2015,19-10-2015,20-10-2015
47,373226950,3,ID000549,06-10-2015,19-10-2015,17-10-2015
48,743205626,2,ID000445,06-10-2015,19-10-2015,17-10-2015
49,61091871,3,ID000757,06-10-2015,19-10-2015,17-10-2015
50,671027514,1,ID000416,07-10-2015,20-10-2015,19-10-2015
51,451523318,3,ID000789,07-10-2015,20-10-2015,16-10-2015
52,3499110008,1,ID000766,07-10-2015,20-10-2015,13-10-2015
53,084235266X,1,ID000980,08-10-2015,21-10-2015,19-10-2015
54,140445145,1,ID000645,08-10-2015,21-10-2015,18-10-2015
55,679765123,5,ID000943,08-10-2015,21-10-2015,20-10-2015
56,765347415,2,ID000266,09-10-2015,22-10-2015,17-10-2015
57,345409671,4,ID000775,09-10-2015,22-10-2015,18-10-2015
58,2742720073,3,ID000948,10-10-2015,23-10-2015,24-10-2015
59,451179706,3,ID000437,10-10-2015,23-10-2015,24-10-2015
60,553233246,1,ID000795,10-10-2015,23-10-2015,16-10-2015
61,373441517,4,ID000795,10-10-2015,23-10-2015,22-10-2015
62,449702936,1,ID000795,10-10-2015,23-10-2015,18-10-2015
63,1558614621,4,ID000627,11-10-2015,24-10-2015,19-10-2015
64,618059458,4,ID000250,11-10-2015,24-10-2015,18-10-2015
65,553100009,3,ID000422,11-10-2015,24-10-2015,25-10-2015
66,75536226,1,ID000264,12-10-2015,25-10-2015,21-10-2015
67,689863632,3,ID000398,12-10-2015,25-10-2015,25-10-2015
68,696209063,1,ID000399,12-10-2015,25-10-2015,22-10-2015
69,60191872,1,ID000191,12-10-2015,25-10-2015,22-10-2015
70,1565922093,5,ID000497,13-10-2015,26-10-2015,19-10-2015
71,681403225,4,ID000428,13-10-2015,26-10-2015,27-10-2015
72,688162827,2,ID000049,13-10-2015,26-10-2015,23-10-2015
73,590474804,2,ID000536,14-10-2015,27-10-2015,21-10-2015
74,1565122208,2,ID000235,14-10-2015,27-10-2015,20-10-2015
75,60927216,4,ID000904,14-10-2015,27-10-2015,21-10-2015
76,067943853X,1,ID000904,14-10-2015,27-10-2015,26-10-2015
77,441240984,1,ID000904,14-10-2015,27-10-2015,22-10-2015
78,786888741,5,ID000742,14-10-2015,27-10-2015,26-10-2015
79,307168409,3,ID000385,15-10-2015,28-10-2015,25-10-2015
80,1842040154,5,ID000171,15-10-2015,28-10-2015,21-10-2015
81,1558850481,3,ID000522,15-10-2015,28-10-2015,23-10-2015
82,425037827,3,ID000544,15-10-2015,28-10-2015,21-10-2015
83,087243169X,1,ID000590,16-10-2015,29-10-2015,24-10-2015
84,2082115178,5,ID000540,16-10-2015,29-10-2015,22-10-2015
85,931580439,3,ID000524,16-10-2015,29-10-2015,26-10-2015
86,373250282,4,ID000587,16-10-2015,29-10-2015,26-10-2015
87,038071843X,2,ID000933,16-10-2015,29-10-2015,30-10-2015
88,2867449375,1,ID000996,17-10-2015,30-10-2015,26-10-2015
89,743201027,4,ID000857,17-10-2015,30-10-2015,31-10-2015
90,1569471231,4,ID000893,17-10-2015,30-10-2015,30-10-2015
91,802415881,4,ID000414,17-10-2015,30-10-2015,26-10-2015
92,816707979,2,ID000830,18-10-2015,31-10-2015,27-10-2015
93,553262386,4,ID000185,18-10-2015,31-10-2015,01-11-2015
94,800751248,1,ID000984,19-10-2015,01-11-2015,26-10-2015
95,373871279,2,ID000819,19-10-2015,01-11-2015,01-11-2015
96,60927518,4,ID001000,19-10-2015,01-11-2015,26-10-2015
97,312251890,3,ID000873,19-10-2015,01-11-2015,26-10-2015
98,312905823,4,ID000464,19-10-2015,01-11-2015,02-11-2015
99,60937645,2,ID000165,20-10-2015,02-11-2015,02-11-2015
100,609807900,2,ID000966,20-10-2015,02-11-2015,27-10-2015
101,051788268X,4,ID000819,20-10-2015,02-11-2015,01-11-2015
102,451167872,4,ID000530,20-10-2015,02-11-2015,26-10-2015
103,671019740,3,ID000854,21-10-2015,03-11-2015,02-11-2015
104,590442953,1,ID000854,21-10-2015,03-11-2015,29-10-2015
105,312039409,2,ID000854,21-10-2015,03-11-2015,30-10-2015
106,451121082,5,ID000039,21-10-2015,03-11-2015,27-10-2015
107,449205975,1,ID000646,21-10-2015,03-11-2015,02-11-2015
108,385497296,1,ID000680,21-10-2015,03-11-2015,02-11-2015
109,1551660571,3,ID000020,22-10-2015,04-11-2015,31-10-2015
110,451202287,1,ID000846,22-10-2015,04-11-2015,03-11-2015
111,3453209613,4,ID000522,22-10-2015,04-11-2015,28-10-2015
112,345374053,4,ID000102,22-10-2015,04-11-2015,03-11-2015
113,446341819,4,ID000834,23-10-2015,05-11-2015,31-10-2015
114,1570717257,3,ID000514,23-10-2015,05-11-2015,06-11-2015
115,671003534,1,ID000262,23-10-2015,05-11-2015,03-11-2015
116,671875965,5,ID000877,24-10-2015,06-11-2015,30-10-2015
117,440476968,1,ID000623,24-10-2015,06-11-2015,01-11-2015
118,91882087,4,ID000548,24-10-2015,06-11-2015,06-11-2015
119,671795937,4,ID000460,25-10-2015,07-11-2015,03-11-2015
120,380001411,1,ID000955,25-10-2015,07-11-2015,04-11-2015
121,61031321,2,ID000317,26-10-2015,08-11-2015,04-11-2015
122,64430227,2,ID000297,26-10-2015,08-11-2015,01-11-2015
123,027362198X,2,ID000897,26-10-2015,08-11-2015,04-11-2015
124,892434090,1,ID000347,27-10-2015,09-11-2015,09-11-2015
125,055320923X,4,ID000625,27-10-2015,09-11-2015,07-11-2015
126,679776591,1,ID000552,27-10-2015,09-11-2015,06-11-2015
127,962295701,5,ID000837,27-10-2015,09-11-2015,08-11-2015
128,553380958,2,ID000661,27-10-2015,09-11-2015,04-11-2015
129,843947616,3,ID000589,28-10-2015,10-11-2015,04-11-2015
130,373484100,1,ID000898,28-10-2015,10-11-2015,11-11-2015
131,140064834,2,ID000131,29-10-2015,11-11-2015,05-11-2015
132,425177696,3,ID000103,29-10-2015,11-11-2015,04-11-2015
133,890877564,1,ID000343,30-10-2015,12-11-2015,13-11-2015
134,679762051,2,ID000829,30-10-2015,12-11-2015,08-11-2015
135,971971501,5,ID000651,31-10-2015,13-11-2015,10-11-2015
136,679879250,4,ID000939,31-10-2015,13-11-2015,14-11-2015
137,671442260,2,ID000470,31-10-2015,13-11-2015,11-11-2015
138,080411109X,2,ID000745,01-11-2015,14-11-2015,07-11-2015
139,888992211,5,ID000054,01-11-2015,14-11-2015,10-11-2015
140,316095133,1,ID000154,01-11-2015,14-11-2015,14-11-2015
141,684853612,3,ID000530,02-11-2015,15-11-2015,09-11-2015
142,679777458,3,ID000746,02-11-2015,15-11-2015,11-11-2015
143,1575663929,4,ID000494,02-11-2015,15-11-2015,14-11-2015
144,3257225350,4,ID000392,02-11-2015,15-11-2015,13-11-2015
145,671867407,5,ID000887,02-11-2015,15-11-2015,12-11-2015
146,1885492030,5,ID000441,03-11-2015,16-11-2015,09-11-2015
147,531058379,1,ID000733,03-11-2015,16-11-2015,09-11-2015
148,140621687,1,ID000013,03-11-2015,16-11-2015,09-11-2015
149,3257056109,5,ID000013,03-11-2015,16-11-2015,15-11-2015
150,1861590466,1,ID000013,03-11-2015,16-11-2015,11-11-2015
151,525941916,4,ID000308,04-11-2015,17-11-2015,10-11-2015
152,821749374,2,ID000368,04-11-2015,17-11-2015,18-11-2015
153,399145052,3,ID000607,04-11-2015,17-11-2015,16-11-2015
154,552138223,4,ID000930,05-11-2015,18-11-2015,12-11-2015
155,037370920X,3,ID000806,05-11-2015,18-11-2015,13-11-2015
156,28604695,2,ID000205,05-11-2015,18-11-2015,12-11-2015
157,380789833,1,ID000299,05-11-2015,18-11-2015,16-11-2015
158,821742841,1,ID000163,06-11-2015,19-11-2015,19-11-2015
159,1883523362,2,ID000338,06-11-2015,19-11-2015,20-11-2015
160,60149426,1,ID000290,07-11-2015,20-11-2015,19-11-2015
161,3442435838,4,ID000503,07-11-2015,20-11-2015,14-11-2015
162,471123005,4,ID000846,07-11-2015,20-11-2015,20-11-2015
163,749391723,3,ID000597,08-11-2015,21-11-2015,18-11-2015
164,440209412,2,ID000069,08-11-2015,21-11-2015,18-11-2015
165,140367462,5,ID000799,09-11-2015,22-11-2015,18-11-2015
166,067088782X,1,ID000451,09-11-2015,22-11-2015,22-11-2015
167,671695169,5,ID000942,09-11-2015,22-11-2015,22-11-2015
168,445085452,5,ID000833,09-11-2015,22-11-2015,23-11-2015
169,441240984,5,ID000638,09-11-2015,22-11-2015,18-11-2015
170,088038204X,4,ID000871,10-11-2015,23-11-2015,16-11-2015
171,373764723,1,ID000213,10-11-2015,23-11-2015,20-11-2015
172,613225937,5,ID000431,11-11-2015,24-11-2015,23-11-2015
173,6374093,5,ID000189,11-11-2015,24-11-2015,22-11-2015
174,1591822084,2,ID000260,11-11-2015,24-11-2015,18-11-2015
175,3404921178,4,ID000260,11-11-2015,24-11-2015,25-11-2015
176,1565843525,3,ID000260,11-11-2015,24-11-2015,22-11-2015
177,330391763,5,ID000238,11-11-2015,24-11-2015,19-11-2015
178,373226071,4,ID000832,12-11-2015,25-11-2015,20-11-2015
179,425172554,1,ID000876,12-11-2015,25-11-2015,23-11-2015
180,395562333,3,ID000742,13-11-2015,26-11-2015,25-11-2015
181,743403614,4,ID000850,13-11-2015,26-11-2015,19-11-2015
182,671500546,1,ID000586,13-11-2015,26-11-2015,25-11-2015
183,333568745,2,ID000586,13-11-2015,26-11-2015,19-11-2015
184,440213290,1,ID000586,13-11-2015,26-11-2015,27-11-2015
185,60179988,5,ID000357,13-11-2015,26-11-2015,19-11-2015
186,014002476X,2,ID000731,14-11-2015,27-11-2015,27-11-2015
187,684867486,2,ID000522,14-11-2015,27-11-2015,27-11-2015
188,3518368540,2,ID000364,14-11-2015,27-11-2015,28-11-2015
189,865714487,3,ID000103,15-11-2015,28-11-2015,29-11-2015
190,1582343047,2,ID000182,15-11-2015,28-11-2015,22-11-2015
191,1403905843,2,ID000237,15-11-2015,28-11-2015,27-11-2015
192,671535455,5,ID000323,15-11-2015,28-11-2015,24-11-2015
193,446513644,1,ID000490,16-11-2015,29-11-2015,22-11-2015
194,671753819,5,ID000379,16-11-2015,29-11-2015,28-11-2015
195,034544356X,4,ID000410,16-11-2015,29-11-2015,28-11-2015
196,671865714,3,ID000142,16-11-2015,29-11-2015,26-11-2015
197,1574534106,2,ID000885,16-11-2015,29-11-2015,23-11-2015
198,765348446,4,ID000885,16-11-2015,29-11-2015,30-11-2015
199,140264795,4,ID000885,16-11-2015,29-11-2015,28-11-2015
200,394859111,3,ID000461,17-11-2015,30-11-2015,24-11-2015
201,385722435,3,ID000889,17-11-2015,30-11-2015,27-11-2015
202,1400030927,5,ID000889,17-11-2015,30-11-2015,29-11-2015
203,590203509,3,ID000889,17-11-2015,30-11-2015,26-11-2015
204,553241443,2,ID000316,17-11-2015,30-11-2015,30-11-2015
205,393317552,4,ID000566,17-11-2015,30-11-2015,23-11-2015
206,805001182,5,ID000525,18-11-2015,01-12-2015,24-11-2015
207,446326925,5,ID000101,18-11-2015,01-12-2015,24-11-2015
208,785272984,3,ID000068,18-11-2015,01-12-2015,30-11-2015
209,60152583,4,ID000068,18-11-2015,01-12-2015,29-11-2015
210,1573228834,5,ID000767,18-11-2015,01-12-2015,26-11-2015
211,073943053X,3,ID000560,18-11-2015,01-12-2015,29-11-2015
212,425151867,1,ID000919,19-11-2015,02-12-2015,27-11-2015
213,688078028,3,ID000345,19-11-2015,02-12-2015,28-11-2015
214,380975068,4,ID000786,19-11-2015,02-12-2015,26-11-2015
215,61098361,5,ID000326,20-11-2015,03-12-2015,02-12-2015
216,515122734,5,ID000564,20-11-2015,03-12-2015,03-12-2015
217,684847450,5,ID000034,20-11-2015,03-12-2015,03-12-2015
218,006109918X,1,ID000528,20-11-2015,03-12-2015,29-11-2015
219,915811898,5,ID000939,20-11-2015,03-12-2015,27-11-2015
220,441317502,1,ID000062,21-11-2015,04-12-2015,29-11-2015
221,3442541034,2,ID000062,21-11-2015,04-12-2015,29-11-2015
222,345309014,3,ID000149,21-11-2015,04-12-2015,28-11-2015
223,441104029,5,ID000744,22-11-2015,05-12-2015,28-11-2015
224,312922728,5,ID000803,22-11-2015,05-12-2015,06-12-2015
225,373619499,2,ID000663,22-11-2015,05-12-2015,28-11-2015
226,671832972,1,ID000412,22-11-2015,05-12-2015,02-12-2015
227,60008024,3,ID000260,22-11-2015,05-12-2015,29-11-2015
228,345293711,2,ID000214,23-11-2015,06-12-2015,06-12-2015
229,671755056,5,ID000214,23-11-2015,06-12-2015,05-12-2015
230,306811596,3,ID000214,23-11-2015,06-12-2015,03-12-2015
231,3499613638,1,ID000325,23-11-2015,06-12-2015,29-11-2015
232,517189186,1,ID000833,23-11-2015,06-12-2015,01-12-2015
233,133143023,4,ID000406,23-11-2015,06-12-2015,07-12-2015
234,1580172938,3,ID000249,24-11-2015,07-12-2015,07-12-2015
235,380385880,5,ID000662,24-11-2015,07-12-2015,05-12-2015
236,671224387,5,ID000019,25-11-2015,08-12-2015,01-12-2015
237,380017199,1,ID000019,25-11-2015,08-12-2015,03-12-2015
238,1587172046,4,ID000019,25-11-2015,08-12-2015,01-12-2015
239,821602039,1,ID000715,25-11-2015,08-12-2015,05-12-2015
240,189162007X,4,ID000022,25-11-2015,08-12-2015,06-12-2015
241,345379144,2,ID000009,25-11-2015,08-12-2015,08-12-2015
242,590448501,4,ID000724,26-11-2015,09-12-2015,02-12-2015
243,380806355,2,ID000712,26-11-2015,09-12-2015,05-12-2015
244,836279077,4,ID000314,26-11-2015,09-12-2015,07-12-2015
245,1592869629,1,ID000060,27-11-2015,10-12-2015,03-12-2015
246,385243022,4,ID000342,27-11-2015,10-12-2015,06-12-2015
247,452284937,2,ID000187,27-11-2015,10-12-2015,08-12-2015
248,965455572,4,ID000404,27-11-2015,10-12-2015,11-12-2015
249,375507124,2,ID000637,28-11-2015,11-12-2015,06-12-2015
250,380820803,3,ID000521,28-11-2015,11-12-2015,06-12-2015
251,66620732,5,ID000682,29-11-2015,12-12-2015,12-12-2015
252,553211668,2,ID000918,29-11-2015,12-12-2015,05-12-2015
253,446609048,4,ID000153,30-11-2015,13-12-2015,11-12-2015
254,64431789,3,ID000691,30-11-2015,13-12-2015,09-12-2015
255,842321950,2,ID000405,01-12-2015,14-12-2015,11-12-2015
256,445409169,2,ID000779,01-12-2015,14-12-2015,10-12-2015
257,014018371X,5,ID000607,01-12-2015,14-12-2015,12-12-2015
258,517667185,1,ID000265,01-12-2015,14-12-2015,14-12-2015
259,679429948,5,ID000834,02-12-2015,15-12-2015,15-12-2015
260,671027441,1,ID000849,02-12-2015,15-12-2015,12-12-2015
261,375415351,4,ID000084,02-12-2015,15-12-2015,15-12-2015
262,877799156,1,ID000272,02-12-2015,15-12-2015,09-12-2015
263,451136039,5,ID000334,03-12-2015,16-12-2015,14-12-2015
264,802136265,2,ID000688,03-12-2015,16-12-2015,13-12-2015
265,821754084,2,ID000101,04-12-2015,17-12-2015,15-12-2015
266,385319037,1,ID000373,04-12-2015,17-12-2015,15-12-2015
267,671526022,4,ID000955,04-12-2015,17-12-2015,12-12-2015
268,689823215,3,ID000577,04-12-2015,17-12-2015,15-12-2015
269,892962275,1,ID000648,04-12-2015,17-12-2015,18-12-2015
270,26885522,2,ID000573,05-12-2015,18-12-2015,18-12-2015
271,1557832307,3,ID000934,05-12-2015,18-12-2015,18-12-2015
272,425046117,5,ID000457,05-12-2015,18-12-2015,11-12-2015
273,671002570,5,ID000407,05-12-2015,18-12-2015,19-12-2015
274,345338545,2,ID000637,05-12-2015,18-12-2015,17-12-2015
275,515075051,3,ID000870,06-12-2015,19-12-2015,19-12-2015
276,312963009,1,ID000539,06-12-2015,19-12-2015,15-12-2015
277,3880598800,5,ID000707,06-12-2015,19-12-2015,13-12-2015
278,375405429,2,ID000224,06-12-2015,19-12-2015,19-12-2015
279,3442416108,4,ID000233,06-12-2015,19-12-2015,16-12-2015
280,618231617,1,ID000184,07-12-2015,20-12-2015,15-12-2015
281,821773402,5,ID000027,07-12-2015,20-12-2015,17-12-2015
282,684835355,1,ID000210,08-12-2015,21-12-2015,19-12-2015
283,192752685,5,ID000345,08-12-2015,21-12-2015,22-12-2015
284,870238566,4,ID000543,08-12-2015,21-12-2015,15-12-2015
285,886773318,1,ID000606,08-12-2015,21-12-2015,20-12-2015
286,823405796,3,ID000671,08-12-2015,21-12-2015,20-12-2015
287,743249992,5,ID000259,09-12-2015,22-12-2015,22-12-2015
288,876544766,5,ID000119,09-12-2015,22-12-2015,21-12-2015
289,380788691,1,ID000041,09-12-2015,22-12-2015,18-12-2015
290,312956681,4,ID000319,09-12-2015,22-12-2015,22-12-2015
291,140119698,1,ID000982,09-12-2015,22-12-2015,16-12-2015
292,849936888,1,ID000754,10-12-2015,23-12-2015,20-12-2015
293,037382503X,5,ID000067,10-12-2015,23-12-2015,16-12-2015
294,140193383,3,ID000334,10-12-2015,23-12-2015,21-12-2015
295,067189787X,4,ID000334,10-12-2015,23-12-2015,22-12-2015
296,385322135,3,ID000206,10-12-2015,23-12-2015,20-12-2015
297,373227205,4,ID000854,10-12-2015,23-12-2015,24-12-2015
298,425164829,5,ID000075,11-12-2015,24-12-2015,18-12-2015
299,757300243,4,ID000914,11-12-2015,24-12-2015,23-12-2015
300,449238040,3,ID000914,11-12-2015,24-12-2015,23-12-2015
301,679455612,2,ID000989,11-12-2015,24-12-2015,21-12-2015
302,553486411,5,ID000679,12-12-2015,25-12-2015,21-12-2015
303,743442245,5,ID000978,12-12-2015,25-12-2015,22-12-2015
304,1582341427,1,ID000157,12-12-2015,25-12-2015,24-12-2015
305,312871937,1,ID000764,12-12-2015,25-12-2015,22-12-2015
306,60193387,2,ID000799,12-12-2015,25-12-2015,18-12-2015
307,425171272,2,ID000825,13-12-2015,26-12-2015,22-12-2015
308,934971013,4,ID000367,13-12-2015,26-12-2015,22-12-2015
309,590053698,3,ID000295,13-12-2015,26-12-2015,21-12-2015
310,205187382,2,ID000691,14-12-2015,27-12-2015,25-12-2015
311,743467191,3,ID000008,14-12-2015,27-12-2015,28-12-2015
312,044106857X,4,ID000621,15-12-2015,28-12-2015,29-12-2015
313,451407105,1,ID000943,15-12-2015,28-12-2015,28-12-2015
314,156647101X,3,ID000088,15-12-2015,28-12-2015,23-12-2015
315,671578820,5,ID000894,16-12-2015,29-12-2015,28-12-2015
316,1931514801,2,ID000683,16-12-2015,29-12-2015,29-12-2015
317,61094234,3,ID000579,16-12-2015,29-12-2015,22-12-2015
318,393960129,1,ID000934,16-12-2015,29-12-2015,24-12-2015
319,441068804,3,ID000873,17-12-2015,30-12-2015,23-12-2015
320,64470059,5,ID000161,17-12-2015,30-12-2015,26-12-2015
321,359650533X,3,ID000214,17-12-2015,30-12-2015,27-12-2015
322,790008696,3,ID000053,18-12-2015,31-12-2015,01-01-2016
323,067087485X,2,ID000618,18-12-2015,31-12-2015,30-12-2015
324,812579569,4,ID000132,19-12-2015,01-01-2016,31-12-2015
325,158234311X,2,ID000383,19-12-2015,01-01-2016,27-12-2015
326,553584383,5,ID000334,19-12-2015,01-01-2016,29-12-2015
327,875421245,2,ID000334,19-12-2015,01-01-2016,28-12-2015
328,786862564,2,ID000334,19-12-2015,01-01-2016,28-12-2015
329,743467221,1,ID000863,19-12-2015,01-01-2016,25-12-2015
330,006019393X,3,ID000235,20-12-2015,02-01-2016,01-01-2016
331,816752087,1,ID000615,20-12-2015,02-01-2016,29-12-2015
332,425181111,5,ID000811,20-12-2015,02-01-2016,27-12-2015
333,1555831753,1,ID000984,21-12-2015,03-01-2016,03-01-2016
334,877844860,4,ID000301,21-12-2015,03-01-2016,03-01-2016
335,373226470,5,ID000961,21-12-2015,03-01-2016,04-01-2016
336,60506679,1,ID000196,21-12-2015,03-01-2016,27-12-2015
337,312169345,5,ID000319,22-12-2015,04-01-2016,03-01-2016
338,812524608,2,ID000682,22-12-2015,04-01-2016,29-12-2015
339,345346602,3,ID000771,23-12-2015,05-01-2016,06-01-2016
340,059030271X,3,ID000587,23-12-2015,05-01-2016,04-01-2016
341,60972777,2,ID000896,24-12-2015,06-01-2016,04-01-2016
342,345416848,1,ID000896,24-12-2015,06-01-2016,02-01-2016
343,671794493,3,ID000948,24-12-2015,06-01-2016,05-01-2016
344,767900189,5,ID000504,24-12-2015,06-01-2016,05-01-2016
345,3442725577,3,ID000135,24-12-2015,06-01-2016,02-01-2016
346,61053473,3,ID000616,25-12-2015,07-01-2016,03-01-2016
347,316286125,3,ID000877,25-12-2015,07-01-2016,31-12-2015
348,913866156,4,ID000113,25-12-2015,07-01-2016,01-01-2016
349,1551664445,2,ID000983,25-12-2015,07-01-2016,06-01-2016
350,140283382,4,ID000941,26-12-2015,08-01-2016,07-01-2016
351,067167739X,4,ID000319,26-12-2015,08-01-2016,09-01-2016
352,553585681,4,ID000253,26-12-2015,08-01-2016,07-01-2016
353,908569734,2,ID000154,26-12-2015,08-01-2016,06-01-2016
354,380641623,2,ID000071,26-12-2015,08-01-2016,02-01-2016
355,425155129,5,ID000400,27-12-2015,09-01-2016,06-01-2016
356,741409577,4,ID000944,27-12-2015,09-01-2016,02-01-2016
357,60511508,5,ID000239,27-12-2015,09-01-2016,02-01-2016
358,140185216,1,ID000609,27-12-2015,09-01-2016,03-01-2016
359,590250884,2,ID000487,28-12-2015,10-01-2016,07-01-2016
360,385319800,1,ID000338,28-12-2015,10-01-2016,04-01-2016
361,037325668X,5,ID000563,28-12-2015,10-01-2016,11-01-2016
362,446691216,3,ID000140,29-12-2015,11-01-2016,08-01-2016
363,451167872,5,ID000529,29-12-2015,11-01-2016,09-01-2016
364,61092002,4,ID000966,29-12-2015,11-01-2016,04-01-2016
365,140184937,2,ID000044,29-12-2015,11-01-2016,12-01-2016
366,346202261X,2,ID000220,30-12-2015,12-01-2016,13-01-2016
367,671722727,3,ID000521,30-12-2015,12-01-2016,07-01-2016
368,61092002,5,ID000414,31-12-2015,13-01-2016,09-01-2016
369,067086014X,4,ID000721,31-12-2015,13-01-2016,11-01-2016
370,515087335,4,ID000350,01-01-2016,14-01-2016,13-01-2016
371,140266933,3,ID000384,01-01-2016,14-01-2016,10-01-2016
372,399148248,4,ID000544,01-01-2016,14-01-2016,11-01-2016
373,140440755,4,ID000745,01-01-2016,14-01-2016,09-01-2016
374,316925195,5,ID000395,02-01-2016,15-01-2016,15-01-2016
375,679766766,2,ID000995,02-01-2016,15-01-2016,16-01-2016
376,671028383,5,ID000916,02-01-2016,15-01-2016,08-01-2016
377,765300222,5,ID000652,03-01-2016,16-01-2016,14-01-2016
378,3442729696,5,ID000398,03-01-2016,16-01-2016,16-01-2016
379,195086295,3,ID000687,03-01-2016,16-01-2016,09-01-2016
380,449213358,4,ID000603,03-01-2016,16-01-2016,14-01-2016
381,312284535,2,ID000365,04-01-2016,17-01-2016,15-01-2016
382,380750848,1,ID000112,04-01-2016,17-01-2016,12-01-2016
383,671038869,4,ID000483,04-01-2016,17-01-2016,13-01-2016
384,771014910,2,ID000114,04-01-2016,17-01-2016,14-01-2016
385,307968219,3,ID000786,04-01-2016,17-01-2016,17-01-2016
386,345314980,4,ID000693,05-01-2016,18-01-2016,11-01-2016
387,1565075315,4,ID000949,05-01-2016,18-01-2016,18-01-2016
388,034536628X,3,ID000748,06-01-2016,19-01-2016,14-01-2016
389,935989900,4,ID000748,06-01-2016,19-01-2016,17-01-2016
390,186046808X,4,ID000748,06-01-2016,19-01-2016,16-01-2016
391,395683297,3,ID000790,06-01-2016,19-01-2016,15-01-2016
392,1887368698,2,ID000201,06-01-2016,19-01-2016,12-01-2016
393,380818191,1,ID000226,06-01-2016,19-01-2016,17-01-2016
394,425184498,3,ID000871,07-01-2016,20-01-2016,21-01-2016
395,816733082,5,ID000908,07-01-2016,20-01-2016,15-01-2016
396,2253040940,3,ID000158,07-01-2016,20-01-2016,13-01-2016
397,439163099,3,ID000379,07-01-2016,20-01-2016,21-01-2016
398,1551660237,2,ID000516,08-01-2016,21-01-2016,22-01-2016
399,345285557,4,ID000344,08-01-2016,21-01-2016,22-01-2016
400,3473581720,1,ID000807,08-01-2016,21-01-2016,20-01-2016
401,312955421,4,ID000134,08-01-2016,21-01-2016,22-01-2016
402,006440501X,5,ID000919,08-01-2016,21-01-2016,15-01-2016
403,446906492,4,ID000894,09-01-2016,22-01-2016,18-01-2016
404,380975440,5,ID000747,09-01-2016,22-01-2016,19-01-2016
405,517881004,4,ID000747,09-01-2016,22-01-2016,23-01-2016
406,66212448,2,ID000747,09-01-2016,22-01-2016,23-01-2016
407,441000525,3,ID000572,10-01-2016,23-01-2016,19-01-2016
408,345422589,2,ID000640,10-01-2016,23-01-2016,23-01-2016
409,515136379,4,ID000981,10-01-2016,23-01-2016,24-01-2016
410,763617229,4,ID000131,10-01-2016,23-01-2016,24-01-2016
411,789410842,3,ID000031,10-01-2016,23-01-2016,19-01-2016
412,140071083,2,ID000063,11-01-2016,24-01-2016,23-01-2016
413,679721746,2,ID000224,11-01-2016,24-01-2016,22-01-2016
414,764222120,4,ID000224,11-01-2016,24-01-2016,25-01-2016
415,743444167,1,ID000224,11-01-2016,24-01-2016,20-01-2016
416,60921161,4,ID000499,12-01-2016,25-01-2016,26-01-2016
417,767903595,5,ID000264,12-01-2016,25-01-2016,25-01-2016
418,425165337,3,ID000499,13-01-2016,26-01-2016,26-01-2016
419,61054437,3,ID000701,13-01-2016,26-01-2016,23-01-2016
420,395083567,5,ID000340,13-01-2016,26-01-2016,24-01-2016
421,155972126X,5,ID000809,13-01-2016,26-01-2016,24-01-2016
422,553156691,5,ID000946,13-01-2016,26-01-2016,20-01-2016
423,61000205,2,ID000874,14-01-2016,27-01-2016,21-01-2016
424,583300332,2,ID000115,14-01-2016,27-01-2016,25-01-2016
425,671517325,4,ID000527,14-01-2016,27-01-2016,27-01-2016
426,800714237,2,ID000573,15-01-2016,28-01-2016,28-01-2016
427,812575962,3,ID000250,15-01-2016,28-01-2016,23-01-2016
428,60909005,1,ID000472,15-01-2016,28-01-2016,24-01-2016
429,1853260657,5,ID000256,15-01-2016,28-01-2016,28-01-2016
430,446523364,3,ID000855,15-01-2016,28-01-2016,23-01-2016
431,871566230,4,ID000164,16-01-2016,29-01-2016,30-01-2016
432,345339703,3,ID000480,16-01-2016,29-01-2016,28-01-2016
433,3423205202,2,ID000794,16-01-2016,29-01-2016,29-01-2016
434,61097853,1,ID000829,16-01-2016,29-01-2016,26-01-2016
435,446364193,4,ID000032,17-01-2016,30-01-2016,25-01-2016
436,812565959,2,ID000615,17-01-2016,30-01-2016,26-01-2016
437,671870432,2,ID000107,18-01-2016,31-01-2016,01-02-2016
438,373710186,1,ID000306,18-01-2016,31-01-2016,25-01-2016
439,034529601X,2,ID000627,19-01-2016,01-02-2016,02-02-2016
440,380700999,3,ID000759,19-01-2016,01-02-2016,01-02-2016
441,590451782,1,ID000840,20-01-2016,02-02-2016,03-02-2016
442,812570626,2,ID000650,20-01-2016,02-02-2016,27-01-2016
443,380715635,4,ID000984,21-01-2016,03-02-2016,28-01-2016
444,312971362,4,ID000055,21-01-2016,03-02-2016,03-02-2016
445,61054658,5,ID000447,21-01-2016,03-02-2016,27-01-2016
446,155661456X,4,ID000211,21-01-2016,03-02-2016,31-01-2016
447,866119566,5,ID000789,22-01-2016,04-02-2016,31-01-2016
448,916180018,2,ID000034,22-01-2016,04-02-2016,02-02-2016
449,3817134010,2,ID000208,22-01-2016,04-02-2016,02-02-2016
450,345295684,2,ID000693,22-01-2016,04-02-2016,31-01-2016
451,394714342,1,ID000538,23-01-2016,05-02-2016,03-02-2016
452,684837765,4,ID000323,23-01-2016,05-02-2016,31-01-2016
453,836218663,3,ID000276,23-01-2016,05-02-2016,03-02-2016
454,051748904X,4,ID000772,24-01-2016,06-02-2016,03-02-2016
455,375719180,3,ID000197,24-01-2016,06-02-2016,07-02-2016
456,679748261,2,ID000215,25-01-2016,07-02-2016,03-02-2016
457,140254749,3,ID000352,25-01-2016,07-02-2016,03-02-2016
458,3257229534,2,ID000041,26-01-2016,08-02-2016,07-02-2016
459,812550579,1,ID000970,26-01-2016,08-02-2016,07-02-2016
460,3548256171,5,ID000574,26-01-2016,08-02-2016,08-02-2016
461,718143051,5,ID000537,26-01-2016,08-02-2016,03-02-2016
462,863040403,5,ID000430,26-01-2016,08-02-2016,01-02-2016
463,811816583,3,ID000430,26-01-2016,08-02-2016,01-02-2016
464,380400480,3,ID000430,26-01-2016,08-02-2016,04-02-2016
465,340411566X,4,ID000138,27-01-2016,09-02-2016,09-02-2016
466,9960340112,3,ID000817,27-01-2016,09-02-2016,08-02-2016
467,553584480,5,ID000910,27-01-2016,09-02-2016,09-02-2016
468,038079828X,2,ID000671,27-01-2016,09-02-2016,09-02-2016
469,671032631,3,ID000941,28-01-2016,10-02-2016,08-02-2016
470,684808129,4,ID000543,28-01-2016,10-02-2016,04-02-2016
471,312155859,1,ID000167,28-01-2016,10-02-2016,06-02-2016
472,553156950,5,ID000306,28-01-2016,10-02-2016,07-02-2016
473,380558890,2,ID000272,28-01-2016,10-02-2016,05-02-2016
474,140322051,4,ID000481,29-01-2016,11-02-2016,11-02-2016
475,553158597,5,ID000761,29-01-2016,11-02-2016,11-02-2016
476,880387548,4,ID000350,29-01-2016,11-02-2016,07-02-2016
477,373074808,5,ID000222,29-01-2016,11-02-2016,07-02-2016
478,60002093,1,ID000055,30-01-2016,12-02-2016,13-02-2016
479,373168438,5,ID000856,30-01-2016,12-02-2016,13-02-2016
480,670842702,2,ID000696,31-01-2016,13-02-2016,08-02-2016
481,312112874,3,ID000415,31-01-2016,13-02-2016,14-02-2016
482,425178838,3,ID000076,31-01-2016,13-02-2016,09-02-2016
483,399146245,1,ID000811,01-02-2016,14-02-2016,09-02-2016
484,60930314,5,ID000620,01-02-2016,14-02-2016,08-02-2016
485,684850737,4,ID000806,02-02-2016,15-02-2016,11-02-2016
486,590386042,3,ID000219,02-02-2016,15-02-2016,12-02-2016
487,192834347,5,ID000901,02-02-2016,15-02-2016,11-02-2016
488,330303279,1,ID000614,02-02-2016,15-02-2016,09-02-2016
489,812575237,4,ID000254,02-02-2016,15-02-2016,13-02-2016
490,394178637,3,ID000669,03-02-2016,16-02-2016,09-02-2016
491,312966059,4,ID000602,03-02-2016,16-02-2016,12-02-2016
492,1565926161,2,ID000602,03-02-2016,16-02-2016,15-02-2016
493,345384377,3,ID000602,03-02-2016,16-02-2016,12-02-2016
494,684869748,2,ID000622,03-02-2016,16-02-2016,16-02-2016
495,034538170X,5,ID000622,03-02-2016,16-02-2016,13-02-2016
496,044661193X,3,ID000825,04-02-2016,17-02-2016,14-02-2016
497,812570936,4,ID000417,04-02-2016,17-02-2016,18-02-2016
498,553264303,2,ID000479,04-02-2016,17-02-2016,12-02-2016
499,307103803,1,ID000159,05-02-2016,18-02-2016,12-02-2016
500,080213825X,1,ID000239,05-02-2016,18-02-2016,13-02-2016
501,440441501,2,ID000541,05-02-2016,18-02-2016,17-02-2016
502,1573245038,1,ID000876,05-02-2016,18-02-2016,12-02-2016
503,439228913,2,ID000797,05-02-2016,18-02-2016,17-02-2016
504,618002243,2,ID000911,06-02-2016,19-02-2016,13-02-2016
505,60912227,3,ID000894,06-02-2016,19-02-2016,16-02-2016
506,886774829,3,ID000059,07-02-2016,20-02-2016,20-02-2016
507,671853864,4,ID000736,07-02-2016,20-02-2016,21-02-2016
508,446322490,4,ID000736,07-02-2016,20-02-2016,15-02-2016
509,449244741,5,ID000736,07-02-2016,20-02-2016,18-02-2016
510,671021257,2,ID000772,07-02-2016,20-02-2016,14-02-2016
511,553292552,4,ID000659,08-02-2016,21-02-2016,19-02-2016
512,037329221X,5,ID000114,08-02-2016,21-02-2016,14-02-2016
513,425076717,2,ID000690,08-02-2016,21-02-2016,16-02-2016
514,1885171013,2,ID000128,09-02-2016,22-02-2016,18-02-2016
515,310478014,5,ID000934,09-02-2016,22-02-2016,20-02-2016
516,1560760516,2,ID000420,09-02-2016,22-02-2016,22-02-2016
517,671736825,1,ID000896,09-02-2016,22-02-2016,19-02-2016
518,60960809,2,ID000150,09-02-2016,22-02-2016,16-02-2016
519,824811720,4,ID000424,10-02-2016,23-02-2016,16-02-2016
520,140011307,2,ID000070,10-02-2016,23-02-2016,20-02-2016
521,2080707590,3,ID000042,11-02-2016,24-02-2016,24-02-2016
522,440942500,5,ID000240,11-02-2016,24-02-2016,18-02-2016
523,913367176,3,ID000516,11-02-2016,24-02-2016,18-02-2016
524,345338545,5,ID000897,11-02-2016,24-02-2016,17-02-2016
525,816621144,4,ID000091,12-02-2016,25-02-2016,25-02-2016
526,452011574,1,ID000496,12-02-2016,25-02-2016,22-02-2016
527,345335864,2,ID000372,12-02-2016,25-02-2016,23-02-2016
528,449006700,4,ID000935,12-02-2016,25-02-2016,23-02-2016
529,425146413,5,ID000653,13-02-2016,26-02-2016,19-02-2016
530,671551337,4,ID000260,13-02-2016,26-02-2016,25-02-2016
531,155972272X,3,ID000617,13-02-2016,26-02-2016,25-02-2016
532,1853260908,3,ID000862,13-02-2016,26-02-2016,22-02-2016
533,3596113318,5,ID000602,13-02-2016,26-02-2016,19-02-2016
534,345435419,3,ID000657,14-02-2016,27-02-2016,23-02-2016
535,836135474,3,ID000868,14-02-2016,27-02-2016,26-02-2016
536,1569714215,2,ID000610,14-02-2016,27-02-2016,26-02-2016
537,743423682,5,ID000610,14-02-2016,27-02-2016,28-02-2016
538,059043411X,5,ID000610,14-02-2016,27-02-2016,26-02-2016
539,553158937,4,ID000073,14-02-2016,27-02-2016,20-02-2016
540,515077356,1,ID000850,14-02-2016,27-02-2016,20-02-2016
541,446401617,5,ID000287,15-02-2016,28-02-2016,24-02-2016
542,451187903,5,ID000395,15-02-2016,28-02-2016,26-02-2016
543,671836285,5,ID000238,15-02-2016,28-02-2016,25-02-2016
544,61080969,5,ID000487,15-02-2016,28-02-2016,29-02-2016
545,671629972,1,ID000053,15-02-2016,28-02-2016,27-02-2016
546,671034022,3,ID000905,16-02-2016,29-02-2016,28-02-2016
547,61043850,5,ID000416,16-02-2016,29-02-2016,25-02-2016
548,64400085,2,ID000790,16-02-2016,29-02-2016,27-02-2016
549,096558383X,4,ID000438,17-02-2016,01-03-2016,23-02-2016
550,312970617,5,ID000180,17-02-2016,01-03-2016,23-02-2016
551,1566091446,4,ID000247,17-02-2016,01-03-2016,28-02-2016
552,345438825,1,ID000065,17-02-2016,01-03-2016,28-02-2016
553,895778742,1,ID000775,17-02-2016,01-03-2016,24-02-2016
554,553350072,4,ID000551,18-02-2016,02-03-2016,01-03-2016
555,093033003X,2,ID000644,18-02-2016,02-03-2016,28-02-2016
556,425158616,2,ID000267,18-02-2016,02-03-2016,26-02-2016
557,425153975,5,ID000426,19-02-2016,03-03-2016,01-03-2016
558,393323145,1,ID000572,19-02-2016,03-03-2016,28-02-2016
559,380715430,3,ID000101,20-02-2016,04-03-2016,04-03-2016
560,451450523,2,ID000691,20-02-2016,04-03-2016,29-02-2016
561,679032983,4,ID000975,20-02-2016,04-03-2016,29-02-2016
562,441005004,3,ID000070,20-02-2016,04-03-2016,03-03-2016
563,312195516,3,ID000768,21-02-2016,05-03-2016,02-03-2016
564,082175565X,5,ID000559,21-02-2016,05-03-2016,06-03-2016
565,452281709,1,ID000037,21-02-2016,05-03-2016,03-03-2016
566,067179793X,4,ID000618,22-02-2016,06-03-2016,28-02-2016
567,073880701X,1,ID000079,22-02-2016,06-03-2016,04-03-2016
568,743204239,3,ID000271,23-02-2016,07-03-2016,06-03-2016
569,671722948,1,ID000695,23-02-2016,07-03-2016,07-03-2016
570,3551751846,5,ID000039,23-02-2016,07-03-2016,04-03-2016
571,373712049,3,ID000597,23-02-2016,07-03-2016,03-03-2016
572,3492200540,2,ID000196,24-02-2016,08-03-2016,09-03-2016
573,1589820681,2,ID000858,24-02-2016,08-03-2016,01-03-2016
574,1557481733,5,ID000119,24-02-2016,08-03-2016,03-03-2016
575,590483803,2,ID000262,24-02-2016,08-03-2016,08-03-2016
576,373224915,3,ID000519,24-02-2016,08-03-2016,08-03-2016
577,881380199,5,ID000453,25-02-2016,09-03-2016,02-03-2016
578,864922108,2,ID000871,25-02-2016,09-03-2016,06-03-2016
579,689823908,2,ID000794,25-02-2016,09-03-2016,02-03-2016
580,140441131,4,ID000779,26-02-2016,10-03-2016,11-03-2016
581,140431314,5,ID000127,26-02-2016,10-03-2016,05-03-2016
582,3499232871,3,ID000479,26-02-2016,10-03-2016,08-03-2016
583,316734500,3,ID000479,26-02-2016,10-03-2016,03-03-2016
584,380725711,2,ID000479,26-02-2016,10-03-2016,09-03-2016
585,440228611,5,ID000592,26-02-2016,10-03-2016,04-03-2016
586,590880748,4,ID000202,26-02-2016,10-03-2016,09-03-2016
587,151962960,2,ID000892,27-02-2016,11-03-2016,09-03-2016
588,1853262544,5,ID000495,27-02-2016,11-03-2016,05-03-2016
589,812520157,1,ID000492,27-02-2016,11-03-2016,06-03-2016
590,1558747613,1,ID000908,27-02-2016,11-03-2016,10-03-2016
591,380758377,1,ID000461,28-02-2016,12-03-2016,13-03-2016
592,152024999,3,ID000557,28-02-2016,12-03-2016,08-03-2016
593,802714358,5,ID000395,28-02-2016,12-03-2016,12-03-2016
594,374309302,1,ID000415,28-02-2016,12-03-2016,11-03-2016
595,920656080,3,ID000631,28-02-2016,12-03-2016,08-03-2016
596,864427433,4,ID000450,29-02-2016,13-03-2016,14-03-2016
597,394756886,5,ID000189,29-02-2016,13-03-2016,10-03-2016
598,440100259,4,ID000761,29-02-2016,13-03-2016,08-03-2016
599,451167716,3,ID000306,01-03-2016,14-03-2016,14-03-2016
600,843946385,2,ID000485,01-03-2016,14-03-2016,15-03-2016
601,9871106181,4,ID000721,01-03-2016,14-03-2016,09-03-2016
602,486290816,2,ID000607,01-03-2016,14-03-2016,12-03-2016
603,395486173,4,ID000895,01-03-2016,14-03-2016,14-03-2016
604,849914965,4,ID000856,02-03-2016,15-03-2016,14-03-2016
605,553057456,5,ID000653,02-03-2016,15-03-2016,09-03-2016
606,771099940,2,ID000828,02-03-2016,15-03-2016,12-03-2016
607,671027212,2,ID000060,03-03-2016,16-03-2016,14-03-2016
608,60953225,2,ID000041,03-03-2016,16-03-2016,17-03-2016
609,394840704,3,ID000704,03-03-2016,16-03-2016,10-03-2016
610,553581856,5,ID000069,03-03-2016,16-03-2016,13-03-2016
611,743456394,3,ID000378,03-03-2016,16-03-2016,17-03-2016
612,449218929,4,ID000235,04-03-2016,17-03-2016,12-03-2016
613,9721030791,3,ID000949,04-03-2016,17-03-2016,15-03-2016
614,449243141,1,ID000247,05-03-2016,18-03-2016,16-03-2016
615,821771205,2,ID000765,05-03-2016,18-03-2016,16-03-2016
616,345256557,5,ID000203,05-03-2016,18-03-2016,16-03-2016
617,810942631,4,ID000586,06-03-2016,19-03-2016,15-03-2016
618,1854790420,4,ID000378,06-03-2016,19-03-2016,15-03-2016
619,688136230,3,ID000114,06-03-2016,19-03-2016,17-03-2016
620,671001841,5,ID000946,07-03-2016,20-03-2016,13-03-2016
621,312988915,3,ID000892,07-03-2016,20-03-2016,17-03-2016
622,553801376,5,ID000181,08-03-2016,21-03-2016,14-03-2016
623,2253182389,2,ID000770,08-03-2016,21-03-2016,15-03-2016
624,451456521,3,ID000435,08-03-2016,21-03-2016,18-03-2016
625,044021873X,2,ID000788,08-03-2016,21-03-2016,21-03-2016
626,1577361814,4,ID000286,08-03-2016,21-03-2016,17-03-2016
627,380706512,5,ID000242,09-03-2016,22-03-2016,21-03-2016
628,802134580,1,ID000939,09-03-2016,22-03-2016,22-03-2016
629,3596150531,4,ID000060,10-03-2016,23-03-2016,20-03-2016
630,571197779,1,ID000844,10-03-2016,23-03-2016,17-03-2016
631,812970101,3,ID000034,10-03-2016,23-03-2016,19-03-2016
632,385029039,5,ID000942,10-03-2016,23-03-2016,24-03-2016
633,425173755,5,ID000172,10-03-2016,23-03-2016,20-03-2016
634,1931836876,2,ID000959,11-03-2016,24-03-2016,19-03-2016
635,60950536,2,ID000346,11-03-2016,24-03-2016,23-03-2016
636,805065989,4,ID000782,12-03-2016,25-03-2016,20-03-2016
637,571105653,5,ID000468,12-03-2016,25-03-2016,26-03-2016
638,312976275,4,ID000743,12-03-2016,25-03-2016,21-03-2016
639,812533534,4,ID000883,13-03-2016,26-03-2016,25-03-2016
640,743435583,5,ID000622,13-03-2016,26-03-2016,22-03-2016
641,812507436,1,ID000900,14-03-2016,27-03-2016,27-03-2016
642,345463153,1,ID000293,14-03-2016,27-03-2016,26-03-2016
643,373711131,5,ID000116,14-03-2016,27-03-2016,28-03-2016
644,3404230663,1,ID000925,15-03-2016,28-03-2016,24-03-2016
645,399523308,4,ID000282,15-03-2016,28-03-2016,22-03-2016
646,425191583,1,ID000337,15-03-2016,28-03-2016,25-03-2016
647,385503636,5,ID000770,15-03-2016,28-03-2016,27-03-2016
648,679866957,4,ID000240,15-03-2016,28-03-2016,28-03-2016
649,486280381,1,ID000217,16-03-2016,29-03-2016,22-03-2016
650,3499187809,5,ID000010,16-03-2016,29-03-2016,22-03-2016
651,553092650,4,ID000993,17-03-2016,30-03-2016,26-03-2016
652,553274325,3,ID000160,17-03-2016,30-03-2016,27-03-2016
653,446403083,3,ID000925,17-03-2016,30-03-2016,23-03-2016
654,590453688,5,ID000607,18-03-2016,31-03-2016,26-03-2016
655,688046266,1,ID000439,18-03-2016,31-03-2016,30-03-2016
656,60517212,4,ID000429,19-03-2016,01-04-2016,27-03-2016
657,821738453,3,ID000114,19-03-2016,01-04-2016,29-03-2016
658,786864133,1,ID000801,19-03-2016,01-04-2016,27-03-2016
659,743434021,2,ID000990,19-03-2016,01-04-2016,25-03-2016
660,590429892,1,ID000377,20-03-2016,02-04-2016,28-03-2016
661,448095432,2,ID000918,20-03-2016,02-04-2016,03-04-2016
662,425057771,1,ID000630,21-03-2016,03-04-2016,01-04-2016
663,451209443,3,ID000166,21-03-2016,03-04-2016,28-03-2016
664,898866294,3,ID000929,21-03-2016,03-04-2016,31-03-2016
